#Ejercicio,Org.,Econ.,Denominació (cat),Previsiones Iniciales,Modificaciones de previsiones,Previsiones Definitivas,Derechos reconocidos
2025,,76100  ,TRANSF DE CAPITAL DIPUTACIÓ DE BARCELONA          ,1357100,895000,2252100,15000
2025,,31905  ,CONTROL SANITARI GOSSOS                           ,59298,0,59298,68885.2
2025,,321    ,TAXA LLICÈNCIES D'OBRES                           ,546561,0,546561,427245.45
2025,,323    ,TAXA PERMISOS AMBIENTALS                          ,230891,0,230891,172978.78
2025,,325    ,EXPEDICIÓ DE DOCUMENTS                            ,18712,0,18712,14343.5
2025,,326    ,RETIRADA DE VEHICLES                              ,160220,0,160220,101118.75
2025,,32901  ,MERCAT MUNICIPAL                                  ,31716,0,31716,12431.92
2025,,32902  ,CONTROL SANITARI D'ESTABLIMENTS                   ,2139,0,2139,414
2025,,331    ,TAXES GUALS                                       ,667028,0,667028,679006.61
2025,,332    ,UTILITZACIO PRIVATIVA/APROFITAMENT EMP SUBMINISTRA,1232000,0,1232000,1108805.5
2025,,333    ,UTILITZACIO PRIVATIVA/APROFITAMENT EMP TELECOMUNIC,36000,0,36000,17547.48
2025,,335    ,TAXES VETLLADORS I CADIRES                        ,196466,0,196466,198019.65
2025,,338    ,TAXA COMPENSACIÓ TELEFÒNICA ESPAÑA                ,198099,0,198099,83643.05
2025,,339    ,ALTRES UTILITZACIONS PRIVATIVES DEL DOMINI PUBLIC ,72762,0,72762,62113.8
2025,,33901  ,TAXES QUIOSCOS                                    ,89878,0,89878,91684.81
2025,,33902  ,TAXES PARADES A LA VIA PÚBLICA                    ,41607,0,41607,5725
2025,,34901  ,HORTS LÚDICS                                      ,13813,0,13813,23958.38
2025,,34902  ,SERVEIS CULTURALS                                 ,6,28735.9,28741.9,28735.9
2025,,34903  ,SERVEIS CULTURALS TEATRE MODERN                   ,6,0,6,855.5
2025,,34904  ,SERVEIS PROMOCIO ECONOMICA                        ,5608,0,5608,2712.73
2025,,34905  ,SERVEIS/ACTIVITATS MEDI AMBIENT (ACTIVITATS)      ,17470,0,17470,28287.79
2025,,34906  ,SERVEIS CULTURALS TEATRE ARTESÀ                   ,6,41671.81,41677.81,41262.72
2025,,34907  ,CESSIÓ D'ESPAIS MPALS RODATGES I REPORT FOTOGRAFIC,6600,0,6600,3000
2025,,34908  ,SERVEIS ACTIVITATS ENVELLIMENT ACTIU              ,89100,0,89100,19160.92
2025,,36000  ,VENDA MATERIAL REBUTJABLE                         ,22638,0,22638,11519.78
2025,,36001  ,VENDA DE PUBLICACIONS                             ,100,0,100,0
2025,,36002  ,VENDA D'ELECTRICITAT                              ,44100.98,0,44100.98,17928.6
2025,,36003  ,"PRESTACIO SERVEIS MEDI AMBIENT (PAPER, VIDRE, CART",437933,0,437933,69925.1
2025,,36004  ,VENDA ELECTRICITAT FOTOVOLTAIQUES AMB CONVENI     ,1,0,1,0
2025,,389    ,REINTEGRAMENTS PRESSUPOSTOS TANCATS               ,26990,0,26990,32391.65
2025,,38901  ,REINTEGRAMENTS ANUNCIS                            ,100,0,100,0
2025,,39100  ,MULTES INFRACCIONS URBANISTIQUES                  ,1,0,1,-14378.76
2025,,112    ,IMPOST BÉNS IMMOBLES RÚSTICS                      ,10599,0,10599,10635.02
2025,,113    ,IMPOST BÉNS IMMOBLES DE NATURALESA URBANA         ,21803936,0,21803936,21817414.72
2025,,114    ,IMPOST BÉNS IMMOBLES CARACTERÍSTIQUES ESPECIALS   ,36514073,0,36514073,37522370.25
2025,,462    ,TRANSFERENCIES CORRENTS D'AJUNTAMENTS             ,6,0,6,0
2025,,115    ,IMPOST VEHICLES TRACCIÓ MECÀNICA                  ,2802458,0,2802458,2724741.17
2025,,116    ,IMPOST INCREMENT VALOR DEL TERRENYS               ,1615909,0,1615909,1305601.46
2025,,130    ,IMPOST ACTIVITATS ECONÒMIQUES                     ,8234747,0,8234747,513985.35
2025,,290    ,"IMPOST CONSTRUCCIONS,INSTAL-LACIONS I OBRES       ",1457497,0,1457497,1054480.16
2025,,302    ,TAXA RECOLLIDA BROSSA COMERCIAL                   ,526735,0,526735,-379.5
2025,,30901  ,VIGILÀNCIA ESPECIAL                               ,6538,0,6538,4074.75
2025,,311    ,RESIDÈNCIA D'AVIS                                 ,239786,0,239786,140321.26
2025,,31101  ,TAXA PRESTACIO SERVEIS SOCIALS                    ,126148,0,126148,63321.65
2025,,312    ,ESCOLA BRESSOL                                    ,180534,0,180534,96822.42
2025,,31301  ,CURSETS I ACTIVITATS ESPORTIVES                   ,231000,0,231000,67210.53
2025,,31302  ,INSTAL.LACIONS ESPORTIVES                         ,82500,0,82500,45961.85
2025,,31303  ,SERVEIS ESPORTIUS                                 ,2701347,0,2701347,1411266.32
2025,,720    ,TRANSFERENCIES DE CAPITAL ADMIN GENERAL DE L'ESTAT,0,0,0,0
2025,,465    ,TRANSFERENCIES CORRENTS ENS COMARCALS             ,0,20000,20000,25500
2025,,751    ,SUBV ORG AUTONOMOS I AGENCIES COMUNITAT AUTO      ,0,0,0,0
2025,,45030  ,SUBV. GENERALITAT EDUCACIÓ                        ,1361800,0,1361800,1052480
2025,,46101  ,SUBV. DIPUTACIÓ FORMACIÓ-OCUPACIÓ                 ,6,277714.04,277720.04,366857.39
2025,,541    ,PRODUCTE ARRENDAMENTS IMMOBLES                    ,26000,0,26000,4402.11
2025,,39120  ,MULTES CIRCULACIÓ                                 ,522775,0,522775,643060
2025,,39190  ,ALTRES MULTES I SANCIONS                          ,50000,0,50000,74682.61
2025,,39200  ,RECÀRREC DECLARACIO EXTEMPORANEA                  ,1843,0,1843,4529.28
2025,,39211  ,RECÀRREC CONSTRENYIMENT                           ,30871,0,30871,17999.8
2025,,393    ,INTERESSOS DE DEMORA                              ,31104,0,31104,38435.34
2025,,398    ,INDEMNITZACIONS D'ASSEGURANCES NO VIDA            ,43757,0,43757,31260.6
2025,,399    ,ALTRES INGRESOS DIVERSOS                          ,85000,0,85000,113733.77
2025,,39901  ,ALTRES INGRESOS EXECUCIONS SUBSIDIÀRIES           ,100,9495.87,9595.87,20086.6
2025,,42000  ,PARTICIPACIÓ EN TRIBUTS DE L'ESTAT                ,22348588,0,22348588,8770051.13
2025,,42090  ,ALTRES TRANSFERÈNCIES CORRENTS DE L'AGE           ,54107,0,54107,0
2025,,441    ,TRANSFERÈNCIES D'EMPRESES ENTITAT LOCAL           ,6,0,6,0
2025,,45000  ,FONS COOPERACIÓ LOCAL CATALUNYA                   ,422534.35,0,422534.35,0
2025,,45001  ,ALTRES TRANSFERÈNCIES DE LA GENERALITAT           ,292327,0,292327,0
2025,,45002  ,SUBV. GENERALITAT ACCIO SOCIAL - RESTA CONTRACTE P,1528278,0,1528278,546288.35
2025,,45003  ,SUBV. GENERALITAT ACCIO SOCIAL - SAD DEPENDÈNCIA  ,1314548,0,1314548,459147.52
2025,,45004  ,SUBV. GENERALITAT ACCIO SOCIAL - SUPORT SOCIAL    ,81259,0,81259,38598.24
2025,,45005  ,SUBV. GENERALITAT ACCIO SOCIAL - SERVEI ATENCIO DO,100552,0,100552,0
2025,,45006  ,SUBV. GENERALITAT ACCIO SOCIAL - ATENCIÓ PERS SENS,266539,0,266539,166587.13
2025,,45007  ,SUBV. GENERALITAT ACCIO SOCIAL - SAD SOCIAL       ,313181,0,313181,21754.86
2025,,45050  ,SUBV. GENERALITAT OCUPACIÓ-DESENVOLUPAMENT LOCAL  ,6,1134375.51,1134381.51,1151441.96
2025,,450802 ,SUBV. GENERALITAT CULTURA                         ,497295,0,497295,56327.83
2025,,450803 ,SUBV. GENERALITAT TURISME                         ,169985,0,169985,0
2025,,450804 ,SUBV. GENERALITAT JOVENTUT                        ,19680,43519.34,63199.34,15315.19
2025,,45102  ,SUBV. DE L'AGENCIA D'HABITATGE DE CATALUNYA       ,6,0,6,18270
2025,,45300  ,"SUBV.SOCIETATS, ENS PÚBLICS I ALTRES DEPENENTS CCA",6,0,6,0
2025,,46102  ,SUBV. DIPUTACIÓ SERVEIS SOCIALS                   ,539149,0,539149,518148.04
2025,,46103  ,SUBV. DIPUTACIÓ EDUCACIÓ                          ,152558,10000,162558,139967.58
2025,,46104  ,SUBV. DIPUTACIÓ ESPORTS                           ,28362,0,28362,0
2025,,46105  ,SUBV. DIPUTACIÓ SALUT PUBLICA                     ,143534,0,143534,134777
2025,,46106  ,"SUBV. DIPUTACIÓ, CULTURA-JOVENTUT                 ",36010,0,36010,28055.57
2025,,46107  ,SUBV. DIPUTACIÓ MEDI AMBIENT                      ,5857,0,5857,0
2025,,46108  ,"SUBV. DIPUTACIÓ CONVIVÈNCIA, CIVISME, COOP, FEMINI",130745,0,130745,65219.92
2025,,46109  ,SUBV DIPUTACIÓ PROGRAMA COMPLEMENTARI SUPORT      ,6,0,6,0
2025,,46110  ,SUBV. DIPUTACIÓ - HABITATGE                       ,6,0,6,0
2025,,46111  ,SUBV. DIPUTACIÓ JOVENTUT                          ,83033,0,83033,100782.02
2025,,4641   ,TRANSF CORRENTS D'ÀREA METROPOLITANA FORMACIÓ-OCUP,6,206719.83,206725.83,226831.71
2025,,4643   ,ALTRES TRANSFERÈNCIES CORRENTS D'ÀREA METROPOLITAN,6,5060.95,5066.95,5060.93
2025,,4644   ,TRANSF CORRENTS D'AMB PLA DE BARRIS (BARRIS CREATI,0,60348.75,60348.75,60348.75
2025,,470    ,SUBVENCIONS D'EMPRESES                            ,5000,0,5000,0
2025,,480    ,SUBVENCIONS FORMACIÓ I OCUPACIÓ                   ,6,12000,12006,112818.53
2025,,490    ,SUBV. FONS SOCIAL EUROPEU                         ,6,0,6,0
2025,,514    ,INTERESSOS DE SOCIETATS MERCANTILS                ,56801,0,56801,29211.96
2025,,52     ,INTERESSOS DE DIPÓSITS                            ,1400000,0,1400000,708077.37
2025,,550    ,CONCESSIONS ADMINISTRATIVES                       ,241440,0,241440,295918.82
2025,,559    ,ALTRES CONCESSIONS I APROFITAMENTS                ,65032,0,65032,55121.29
2025,,601    ,VENDA DE FINQUES RÚSTIQUES                        ,1093496.08,0,1093496.08,0
2025,,764    ,TRANSF CAPITAL AREA METROPOLITANA DE BARCELONA    ,1526168,14800,1540968,1608516.34
2025,,7973   ,FONS NEXT GENERATION EU. LINIA 1 GDS - RESIDÈNCIA ,3055150.11,0,3055150.11,0
2025,,82120  ,REINTREGRAMENT PRESTECS SECTOR PUBLIC LOCAL       ,503713,0,503713,251856.77
2025,,830    ,BESTRETES REINTEGRABLES PERSONAL                  ,35000,0,35000,6444.63
2025,,87010  ,ROMANENT TRESORERIA DESPESES FINANÇAMENT AFECTAT  ,3649495.08,1033663.88,4683158.96,0
2025,,91301  ,PRESTECS REBUTS A LLARG TERMINI FORA DEL SECTOR PÚ,11498972.06,0,11498972.06,0
2025,,39210  ,RECÀRREC EXECUTIU                                 ,60,0,60,6.8
2025,,75060  ,"OTRAS TRANSF DE CAPITAL (ACCESIBILITAT, DIGITAL   ",0,0,0,0
2025,,45103  ,SUB. DE L'AGÈNCIA DE RESIDUS DE CATALUNYA         ,340720,0,340720,0
2025,,46112  ,SUBV. DIPUTACIÓ TURISME                           ,18517,12871,31388,12871
2025,,4642   ,TRANSF CORRENTS D'ÀREA METROPOLITANA POLITIQ SOCIA,140000,0,140000,287180.46
2025,,75100  ,TRANSFERÈNCIA DE CAPITAL AGENCIA CATALANA DE L'AIG,300000,0,300000,299616.73
2025,,76103  ,TRANSF DE CAPITAL DIPUTACIÓ DE BARCELONA - TURISME,205537.26,0,205537.26,0
2025,,76104  ,TRANSF DE CAPITAL DIPUTACIÓ DE BARCELONA - MILLORA,137750,0,137750,137750
2025,,30201  ,TAXA DE RECOLLIDA RESIDUS DOMÈSTICS               ,1254400,0,1254400,0
2025,,39902  ,ALTRES INGRESSOS DIVERSOS D'EDUCACIÓ              ,100,0,100,0
2025,,4500208,"SUBV. GENERALITAT BENESTAR, POLÍTIQUES D'IGUALTAT ",25600,0,25600,2375
2025,,45011  ,SUBV. GENERALITAT IGUALTAT I FEMINISMES - CURES   ,202899.27,0,202899.27,0
2025,,45012  ,SUBV. GENERALITAT IGUALTAT I FEMINISMES - PROMOCIÓ,151154.63,0,151154.63,0
2025,,549    ,ALTRES RENDES DE BENS IMMOBLES                    ,0,0,0,29149.13
2025,,87000  ,ROMANENT TRESORERIA DESPESES GENERALS             ,0,11605190.41,11605190.41,0
2025,,391901 ,ALTRES MULTES I SANCIONS HABITATGE                ,0,0,0,121875.96
2025,,46100  ,SUBVENCIONS DIPUTACIO                             ,568476,0,568476,229477.98
2025,,75002  ,SERVEIS SOCIALS I POLITIQUES D'IGUALTAT           ,0,0,0,0
2025,,740    ,TRANSFERÈNCIA DE CAPITAL PRAT NORD                ,671486.12,0,671486.12,0
2025,,750301 ,ALTRES SUBVENCIONS DE LA GENERALITAT              ,0,0,0,0
2025,,771    ,TRANSF DE CAPITAL JTES COMPENSACIÓ ARE EIX SUD 1 2,0,0,0,28511.94
2025,,39710  ,ALTRES INGRESSOS PER APROFITAMENTS URBANISTICS    ,0,0,0,149551.33
